{
    "Camera": {
        "Speed": 30.0,
        "Position": [
            82.68016052246094,
            33.542274475097659,
            45.15517044067383
        ]
    },
    "GameObjects": [
        {
            "Name": "delorean",
            "Mesh": "delorean.ply",
            "Visible": true,
            "Use_Physics": true,
            "Wireframe": false,
            "Position": [
                119.72574615478516,
                12.798105239868164,
                10.4869384765625
            ],
            "DiffuseRGB_Alpha": [
                0.0,
                0.0,
                0.0,
                1.0
            ],
            "SpecularRGB_Alpha": [
                1.0,
                1.0,
                1.0,
                10000000.0
            ],
            "Rotation": [
                -180.0,
                47.725563049316409,
                -180.0
            ],
            "Scale": [
                0.2,
                0.2,
                0.2
            ],
            "Textures": [
                {
                    "Name": "deloreanTex.bmp",
                    "Strength": 1.0,
                    "Tile": 1.0
                },
                {
                    "Name": "testTex.bmp",
                    "Strength": 0.0,
                    "Tile": 1.0
                }
            ],
            "RigidBody": {
                "Type": "BOX",
                "Mass": 200.0
            }
        },
        {
            "Name": "track",
            "Mesh": "racing_track.ply",
            "Visible": true,
            "Use_Physics": true,
            "Wireframe": false,
            "Position": [
                0.0,
                21.988384246826173,
                17.299381256103517
            ],
            "DiffuseRGB_Alpha": [
                0.0,
                0.0,
                0.0,
                1.0
            ],
            "SpecularRGB_Alpha": [
                1.0,
                1.0,
                1.0,
                10000000.0
            ],
            "Rotation": [
                0.0,
                -0.0,
                0.0
            ],
            "Scale": [
                200.16868591308595,
                200.16868591308595,
                200.16868591308595
            ],
            "Textures": [
                {
                    "Name": "racing_trackTex.bmp",
                    "Strength": 1.0,
                    "Tile": 1.0
                },
                {
                    "Name": "testTex.bmp",
                    "Strength": 0.0,
                    "Tile": 1.0
                }
            ],
            "RigidBody": {
                "Type": "MESH_COLLIDER",
                "Mass": 0.0
            }
        },
        {
            "Name": "plane_floor",
            "Mesh": "plane_floor.ply",
            "Visible": true,
            "Use_Physics": true,
            "Wireframe": false,
            "Position": [
                0.0,
                0.0,
                0.0
            ],
            "DiffuseRGB_Alpha": [
                0.0,
                0.0,
                0.0,
                1.0
            ],
            "SpecularRGB_Alpha": [
                1.0,
                1.0,
                1.0,
                10000000.0
            ],
            "Rotation": [
                0.0,
                -0.0,
                0.0
            ],
            "Scale": [
                1000.0,
                1000.0,
                1000.0
            ],
            "Textures": [
                {
                    "Name": "grassTex.bmp",
                    "Strength": 1.0,
                    "Tile": 60.0
                },
                {
                    "Name": "testTex.bmp",
                    "Strength": 0.0,
                    "Tile": 60.0
                },
                {
                    "Name": "ground/grassNormalTex.bmp",
                    "Strength": 0.0,
                    "Tile": 60.0
                }
            ],
            "RigidBody": {
                "Type": "PLANE",
                "Constant": 0.0,
                "Normal": [
                    0.0,
                    1.0,
                    0.0
                ],
                "Mass": 0.0
            }
        },
        {
            "Name": "plane_floor2",
            "Mesh": "plane_floor.ply",
            "Visible": false,
            "Use_Physics": true,
            "Wireframe": false,
            "Position": [
                0.0,
                0.0,
                0.0
            ],
            "DiffuseRGB_Alpha": [
                0.0,
                0.0,
                0.0,
                1.0
            ],
            "SpecularRGB_Alpha": [
                1.0,
                1.0,
                1.0,
                10000000.0
            ],
            "Rotation": [
                90.0,
                -0.0,
                0.0
            ],
            "Scale": [
                1000.0,
                1000.0,
                1000.0
            ],
            "Textures": [
                {
                    "Name": "grassTex.bmp",
                    "Strength": 1.0,
                    "Tile": 60.0
                },
                {
                    "Name": "testTex.bmp",
                    "Strength": 0.0,
                    "Tile": 60.0
                },
                {
                    "Name": "ground/grassNormalTex.bmp",
                    "Strength": 0.0,
                    "Tile": 60.0
                }
            ],
            "RigidBody": {
                "Type": "PLANE",
                "Constant": -976.0,
                "Normal": [
                    0.0,
                    0.0,
                    1.0
                ],
                "Mass": 0.0
            }
        },
        {
            "Name": "plane_floor3",
            "Mesh": "plane_floor.ply",
            "Visible": false,
            "Use_Physics": true,
            "Wireframe": false,
            "Position": [
                0.0,
                0.0,
                0.0
            ],
            "DiffuseRGB_Alpha": [
                0.0,
                0.0,
                0.0,
                1.0
            ],
            "SpecularRGB_Alpha": [
                1.0,
                1.0,
                1.0,
                10000000.0
            ],
            "Rotation": [
                180.0,
                -0.0,
                0.0
            ],
            "Scale": [
                1000.0,
                1000.0,
                1000.0
            ],
            "Textures": [
                {
                    "Name": "grassTex.bmp",
                    "Strength": 1.0,
                    "Tile": 60.0
                },
                {
                    "Name": "testTex.bmp",
                    "Strength": 0.0,
                    "Tile": 60.0
                },
                {
                    "Name": "ground/grassNormalTex.bmp",
                    "Strength": 0.0,
                    "Tile": 60.0
                }
            ],
            "RigidBody": {
                "Type": "PLANE",
                "Constant": -976.0,
                "Normal": [
                    0.0,
                    0.0,
                    -1.0
                ],
                "Mass": 0.0
            }
        },
        {
            "Name": "plane_floor3",
            "Mesh": "plane_floor.ply",
            "Visible": false,
            "Use_Physics": true,
            "Wireframe": false,
            "Position": [
                0.0,
                0.0,
                0.0
            ],
            "DiffuseRGB_Alpha": [
                0.0,
                0.0,
                0.0,
                1.0
            ],
            "SpecularRGB_Alpha": [
                1.0,
                1.0,
                1.0,
                10000000.0
            ],